{"cameraMode":{"drawMode":0,"name":"Shaded","section":"Shading Mode"},"sceneLighting":true,"audioPlay":false,"sceneViewState":{"m_AlwaysRefresh":false,"showFog":true,"showSkybox":true,"showFlares":true,"showImageEffects":true,"showParticleSystems":true,"showVisualEffectGraphs":true,"m_FxEnabled":true},"in2DMode":false,"pivot":{"x":-10.973823547363282,"y":0.5492923259735107,"z":-42.09904479980469},"rotation":{"x":-0.003671181621029973,"y":-0.9955320954322815,"z":0.04364284127950668,"w":-0.08408687263727188},"size":11.411661148071289,"orthographic":false}