{"cameraMode":{"drawMode":0,"name":"Shaded","section":"Shading Mode"},"sceneLighting":true,"audioPlay":false,"sceneViewState":{"m_AlwaysRefresh":false,"showFog":true,"showSkybox":true,"showFlares":true,"showImageEffects":true,"showParticleSystems":true,"showVisualEffectGraphs":true,"m_FxEnabled":true},"in2DMode":false,"pivot":{"x":-32.682926177978519,"y":3.945821762084961,"z":-17.298931121826173},"rotation":{"x":0.11819209158420563,"y":0.7498191595077515,"z":-0.13134871423244477,"w":0.6398305892944336},"size":0.8660253882408142,"orthographic":false}