{"cameraMode":{"drawMode":0,"name":"Shaded","section":"Shading Mode"},"sceneLighting":true,"audioPlay":false,"sceneViewState":{"m_AlwaysRefresh":false,"showFog":true,"showSkybox":true,"showFlares":true,"showImageEffects":true,"showParticleSystems":true,"showVisualEffectGraphs":true,"m_FxEnabled":true},"in2DMode":false,"pivot":{"x":-49.420387268066409,"y":3.463829517364502,"z":-26.629377365112306},"rotation":{"x":-0.08752065896987915,"y":0.3859471082687378,"z":-0.03671799227595329,"w":-0.9176884889602661},"size":2.6163527965545656,"orthographic":false}